{
   // See https://go.microsoft.com/fwlink/?LinkId=733558
   // for the documentation about the tasks.json format
   "version": "2.0.0",
   "tasks": [
      {
         "label": "Compile Markdown",
         "type": "shell",
         "command": "markdown-it sample.md -o sample.html",
         "group": {
             "kind":  "build",
             "isDefault": true
         },
         "problemMatcher" : [],
      },
      {
         "label" : "Start Markdown Config",
         "type": 
      }

   ]
}